{
  "mse_total": 7.815262558275773e-07,
  "mae_total": 0.0007340000765433482,
  "mse_per_axis": {
    "x": 8.983184729166263e-07,
    "y": 1.173721059976608e-06,
    "z": 2.725392345895e-07
  },
  "mae_per_axis": {
    "x": 0.000818670534695198,
    "y": 0.0009330417294175057,
    "z": 0.00045028796551734506
  },
  "max_error": 0.002589724851850064,
  "min_error": 0.0001918701513249361,
  "std_error": 0.0004861837334643226
}