{
  "method": "minmax",
  "v_min": [
    -0.851562,
    0.0,
    -0.464844
  ],
  "v_max": [
    0.849609,
    1.900391,
    0.462891
  ]
}