{
  "filename": "branch.obj",
  "timestamp": "2025-11-10 11:22:34",
  "statistics": {
    "n_vertices": 2767,
    "min": {
      "x": -0.851562,
      "y": 0.0,
      "z": -0.464844
    },
    "max": {
      "x": 0.849609,
      "y": 1.900391,
      "z": 0.462891
    },
    "mean": {
      "x": 0.07544269895193266,
      "y": 1.08739029598844,
      "z": 0.1219668904951203
    },
    "std": {
      "x": 0.34338019606270165,
      "y": 0.4569911304441712,
      "z": 0.20006683570555178
    }
  }
}