{
  "mse_total": 2.339403117634809e-06,
  "mae_total": 0.001324807486123848,
  "mse_per_axis": {
    "x": 2.2970399774911926e-06,
    "y": 2.4496002808894303e-06,
    "z": 2.2715690945238055e-06
  },
  "mae_per_axis": {
    "x": 0.001297137758291712,
    "y": 0.0013686973992361497,
    "z": 0.0013085873008436882
  },
  "max_error": 0.004284929184794932,
  "min_error": 0.0003354689724815299,
  "std_error": 0.0007406979888452181
}