{
  "filename": "cylinder.obj",
  "timestamp": "2025-11-10 11:22:34",
  "statistics": {
    "n_vertices": 192,
    "min": {
      "x": -1.0,
      "y": -1.0,
      "z": -1.0
    },
    "max": {
      "x": 1.0,
      "y": 1.0,
      "z": 1.0
    },
    "mean": {
      "x": -2.6020852139652106e-18,
      "y": 0.0,
      "z": 2.7755575615628914e-17
    },
    "std": {
      "x": 0.7071068300178376,
      "y": 1.0,
      "z": 0.7071068300178375
    }
  }
}