{
  "mse_total": 7.966258421033582e-07,
  "mae_total": 0.0006109481915933477,
  "mse_per_axis": {
    "x": 1.1949387631550368e-06,
    "y": 0.0,
    "z": 1.1949387631550368e-06
  },
  "mae_per_axis": {
    "x": 0.0009164222873900216,
    "y": 0.0,
    "z": 0.0009164222873900216
  },
  "max_error": 0.0023533305196355324,
  "min_error": 0.0004903647043282775,
  "std_error": 0.0005721372986282983
}