{
  "mse_total": 2.5735636000765344e-06,
  "mae_total": 0.0013824181634276994,
  "mse_per_axis": {
    "x": 2.525702349479517e-06,
    "y": 2.669286101270609e-06,
    "z": 2.5257023494794822e-06
  },
  "mae_per_axis": {
    "x": 0.0013824181634276992,
    "y": 0.0013824181634277122,
    "z": 0.0013824181634276868
  },
  "max_error": 0.004035499564283051,
  "min_error": 0.000844723144259308,
  "std_error": 0.000787312136051535
}