{
  "method": "sphere",
  "center": [
    0.04325588291139213,
    0.5303887939521789,
    -0.0045929810126583
  ],
  "scale": 0.5504779595119365
}