{
  "filename": "explosive.obj",
  "timestamp": "2025-11-10 11:22:34",
  "statistics": {
    "n_vertices": 2844,
    "min": {
      "x": -0.199625,
      "y": -0.0,
      "z": -0.197126
    },
    "max": {
      "x": 0.199625,
      "y": 1.0,
      "z": 0.197126
    },
    "mean": {
      "x": 0.04325588291139213,
      "y": 0.5303887939521789,
      "z": -0.0045929810126583
    },
    "std": {
      "x": 0.11499120213771709,
      "y": 0.3897814914499447,
      "z": 0.09490337530568085
    }
  }
}