{
  "method": "minmax",
  "v_min": [
    -0.199625,
    -0.0,
    -0.197126
  ],
  "v_max": [
    0.199625,
    1.0,
    0.197126
  ]
}