{
  "mse_total": 4.2777993369504374e-07,
  "mae_total": 0.0005743030206011981,
  "mse_per_axis": {
    "x": 4.2108638065860313e-07,
    "y": 4.6484795040501596e-07,
    "z": 3.974054700215148e-07
  },
  "mae_per_axis": {
    "x": 0.0005543733308897994,
    "y": 0.0006209738129634406,
    "z": 0.0005475619179503552
  },
  "max_error": 0.0018115602274370254,
  "min_error": 0.00012489785809489604,
  "std_error": 0.0002916631249958362
}