{
  "mse_total": 1.2419009882300343e-07,
  "mae_total": 0.000275226075349018,
  "mse_per_axis": {
    "x": 5.2543402568433e-08,
    "y": 2.720551375193651e-07,
    "z": 4.797175638121446e-08
  },
  "mae_per_axis": {
    "x": 0.00019609583070393622,
    "y": 0.00043841222556311046,
    "z": 0.0001911701697800098
  },
  "max_error": 0.0010936409606783235,
  "min_error": 2.7705362811164348e-05,
  "std_error": 0.00022695027813371624
}