{
  "filename": "fence.obj",
  "timestamp": "2025-11-10 11:22:34",
  "statistics": {
    "n_vertices": 1090,
    "min": {
      "x": -0.5,
      "y": 0.0,
      "z": -0.0225
    },
    "max": {
      "x": 0.5,
      "y": 0.84317,
      "z": 0.0225
    },
    "mean": {
      "x": -0.0039873706422020655,
      "y": 0.4108673321100909,
      "z": -0.00045412844036697253
    },
    "std": {
      "x": 0.3456644195377801,
      "y": 0.2539774675133976,
      "z": 0.01097485476370518
    }
  }
}