{
  "mse_total": 1.568786888568909e-07,
  "mae_total": 0.00027282402121241915,
  "mse_per_axis": {
    "x": 2.636107364728589e-07,
    "y": 2.0694012050312048e-07,
    "z": 8.5209594695046e-11
  },
  "mae_per_axis": {
    "x": 0.00042580521222883083,
    "y": 0.00038879265516962504,
    "z": 3.874196238801295e-06
  },
  "max_error": 0.0011657607370133738,
  "min_error": 9.968426197448643e-05,
  "std_error": 0.00026175571282889293
}