{
  "mse_total": 3.5749223701523693e-07,
  "mae_total": 0.0004939545467004921,
  "mse_per_axis": {
    "x": 4.089326633797437e-07,
    "y": 3.4458829533800574e-07,
    "z": 3.1895575232796585e-07
  },
  "mae_per_axis": {
    "x": 0.0005321488016124945,
    "y": 0.0004638398457125604,
    "z": 0.00048587499277641356
  },
  "max_error": 0.0018478294709907603,
  "min_error": 0.00014994731545012104,
  "std_error": 0.0003290370047526299
}