{
  "method": "sphere",
  "center": [
    -0.0039873706422020655,
    0.4108673321100909,
    -0.00045412844036697253
  ],
  "scale": 0.6142682859356015
}