{
  "filename": "girl.obj",
  "timestamp": "2025-11-10 11:22:34",
  "statistics": {
    "n_vertices": 8400,
    "min": {
      "x": -0.5,
      "y": 0.0,
      "z": -0.181411
    },
    "max": {
      "x": 0.5,
      "y": 0.904419,
      "z": 0.181411
    },
    "mean": {
      "x": 0.0019820332142856706,
      "y": 0.40218390690476236,
      "z": 0.014128023333333274
    },
    "std": {
      "x": 0.17843738223187747,
      "y": 0.2145354511975825,
      "z": 0.06175019531940703
    }
  }
}