{
  "method": "minmax",
  "v_min": [
    -0.5,
    0.0,
    -0.181411
  ],
  "v_max": [
    0.5,
    0.904419,
    0.181411
  ]
}