{
  "mse_total": 2.0542340735498123e-07,
  "mae_total": 0.00036986858182439295,
  "mse_per_axis": {
    "x": 3.1480200226874476e-07,
    "y": 2.594645625615357e-07,
    "z": 4.2003657234661554e-08
  },
  "mae_per_axis": {
    "x": 0.0004907377713773688,
    "y": 0.00044145440685659516,
    "z": 0.0001774135672392133
  },
  "max_error": 0.0013493907024377046,
  "min_error": 1.783771721467703e-05,
  "std_error": 0.00024846656334568784
}