{
  "method": "sphere",
  "center": [
    0.0019820332142856706,
    0.40218390690476236,
    0.014128023333333274
  ],
  "scale": 0.5305754183275478
}