{
  "mse_total": 3.606065670543075e-07,
  "mae_total": 0.00052222767865445,
  "mse_per_axis": {
    "x": 3.5490057376427947e-07,
    "y": 3.7812600180831815e-07,
    "z": 3.487931255903199e-07
  },
  "mae_per_axis": {
    "x": 0.0005192639840961358,
    "y": 0.00053926892236524,
    "z": 0.0005081501295019637
  },
  "max_error": 0.0017681634273226923,
  "min_error": 3.1864068943408333e-05,
  "std_error": 0.0002886899250394974
}