{
  "mse_total": 7.890193743473484e-07,
  "mae_total": 0.0006917113073488659,
  "mse_per_axis": {
    "x": 9.083780687073368e-07,
    "y": 1.3971271366607855e-06,
    "z": 6.155291767394302e-08
  },
  "mae_per_axis": {
    "x": 0.0008200550924989865,
    "y": 0.001040174264297238,
    "z": 0.00021490456525035832
  },
  "max_error": 0.002456149381064443,
  "min_error": 8.164382211020072e-05,
  "std_error": 0.0004977475558831349
}