{
  "method": "minmax",
  "v_min": [
    -0.84375,
    -0.0,
    -0.212891
  ],
  "v_max": [
    0.841797,
    1.900391,
    0.210938
  ]
}