{
  "method": "sphere",
  "center": [
    0.0050029414037346745,
    1.1592420882163768,
    -0.0035994043786219876
  ],
  "scale": 1.1872051393818255
}