{
  "filename": "person.obj",
  "timestamp": "2025-11-10 11:22:34",
  "statistics": {
    "n_vertices": 3106,
    "min": {
      "x": -0.84375,
      "y": -0.0,
      "z": -0.212891
    },
    "max": {
      "x": 0.841797,
      "y": 1.900391,
      "z": 0.210938
    },
    "mean": {
      "x": 0.0050029414037346745,
      "y": 1.1592420882163768,
      "z": -0.0035994043786219876
    },
    "std": {
      "x": 0.39524613015968446,
      "y": 0.5116909927379446,
      "z": 0.09510717559455638
    }
  }
}