{
  "mse_total": 1.7873719934919707e-06,
  "mae_total": 0.0011537878852045315,
  "mse_per_axis": {
    "x": 1.93167230126595e-06,
    "y": 1.7254298323899302e-06,
    "z": 1.705013846820056e-06
  },
  "mae_per_axis": {
    "x": 0.0012113278250829769,
    "y": 0.0011336115426380101,
    "z": 0.0011164242878925876
  },
  "max_error": 0.0038202990386115663,
  "min_error": 0.0002138152990388809,
  "std_error": 0.0006679991162102096
}