{
  "method": "minmax",
  "v_min": [
    -0.208906,
    0.0,
    -0.5
  ],
  "v_max": [
    0.208906,
    0.611761,
    0.5
  ]
}