{
  "mse_total": 4.6995121045678157e-07,
  "mae_total": 0.0005989163298246506,
  "mse_per_axis": {
    "x": 4.678687826287257e-07,
    "y": 4.6817462052323864e-07,
    "z": 4.738102282183812e-07
  },
  "mae_per_axis": {
    "x": 0.000599927585765098,
    "y": 0.0005995483647841596,
    "z": 0.0005972730389246907
  },
  "max_error": 0.0020094691662537844,
  "min_error": 9.798853403809826e-05,
  "std_error": 0.00032793088967451325
}