{
  "filename": "table.obj",
  "timestamp": "2025-11-10 11:22:34",
  "statistics": {
    "n_vertices": 3148,
    "min": {
      "x": -0.208906,
      "y": 0.0,
      "z": -0.5
    },
    "max": {
      "x": 0.208906,
      "y": 0.611761,
      "z": 0.5
    },
    "mean": {
      "x": -0.013190471728082005,
      "y": 0.3863740422490502,
      "z": -0.0035868011435831793
    },
    "std": {
      "x": 0.15311930011790176,
      "y": 0.19192154737167663,
      "z": 0.34605151975556364
    }
  }
}