{
  "mse_total": 1.4881127939019155e-07,
  "mae_total": 0.00030673788443934556,
  "mse_per_axis": {
    "x": 4.331020767845622e-08,
    "y": 1.030992184993578e-07,
    "z": 3.000244119927595e-07
  },
  "mae_per_axis": {
    "x": 0.0001638231939222565,
    "y": 0.00027134223252734546,
    "z": 0.0004850482268684305
  },
  "max_error": 0.001140497840193671,
  "min_error": 2.6505748006964092e-05,
  "std_error": 0.000215724517931368
}