{
  "mse_total": 1.306784403575006e-07,
  "mae_total": 0.00022840366145382383,
  "mse_per_axis": {
    "x": 1.3872481530843534e-09,
    "y": 3.7258767946683064e-07,
    "z": 1.8060393452584365e-08
  },
  "mae_per_axis": {
    "x": 3.1514504295319584e-05,
    "y": 0.0005370669020616219,
    "z": 0.00011662957800452717
  },
  "max_error": 0.0009811565744014354,
  "min_error": 1.6337395500213186e-05,
  "std_error": 0.00027370549157716754
}