{
  "mse_total": 6.020105007326795e-07,
  "mae_total": 0.0006684992256081226,
  "mse_per_axis": {
    "x": 6.378172913025911e-07,
    "y": 5.97972413511807e-07,
    "z": 5.702417973836384e-07
  },
  "mae_per_axis": {
    "x": 0.0006894025516470312,
    "y": 0.0006690421691422714,
    "z": 0.0006470529560350665
  },
  "max_error": 0.0021303015323987607,
  "min_error": 0.00011519802467154227,
  "std_error": 0.00038144136431478087
}