{
  "filename": "talwar.obj",
  "timestamp": "2025-11-10 11:22:34",
  "statistics": {
    "n_vertices": 1681,
    "min": {
      "x": -0.031922,
      "y": 0.0,
      "z": -0.117146
    },
    "max": {
      "x": 0.031922,
      "y": 1.0,
      "z": 0.117146
    },
    "mean": {
      "x": 0.021710707317073325,
      "y": 0.30250146341463324,
      "z": -0.004353570493753718
    },
    "std": {
      "x": 0.011132795684273094,
      "y": 0.23643367214838373,
      "z": 0.04661562648388801
    }
  }
}