{
  "method": "sphere",
  "center": [
    0.021710707317073325,
    0.30250146341463324,
    -0.004353570493753718
  ],
  "scale": 0.7002599292222368
}