{
  "method": "minmax",
  "v_min": [
    -0.031922,
    0.0,
    -0.117146
  ],
  "v_max": [
    0.031922,
    1.0,
    0.117146
  ]
}